<?xml version="1.0" encoding="UTF-8"?>
<Defs>
    <ThingDef Name="BodyPartMGRBase" ParentName="BodyPartBase" Abstract="True">
        <description>Personal Evasive Robotic Add-Ons. Each bionic part contains within it a micro gravitational core which are attracted to each other, allowing the user to...in the most literal sense "bisect themselves" in order to avoid injuries.\nP.E.R.A. bionics come in both arm and leg add-on's</description>
        <techLevel>Spacer</techLevel>
        <thingCategories>
            <li>BodyPartsArchotech</li>
        </thingCategories>
        <graphicData>
            <texPath>Things/Item/Bionic/BodyPart</texPath>
            <graphicClass>Graphic_Single</graphicClass>
            <drawSize>1</drawSize>
        </graphicData>
		<generateCommonality>0.0</generateCommonality>
        <tradeTags>
            <li>Bionic</li>
        </tradeTags>
        <techHediffsTags>
            <li>Advanced</li>
        </techHediffsTags>
        <statBases>
            <WorkToMake>26000</WorkToMake>
            <DeteriorationRate>0</DeteriorationRate>
        </statBases>
        <costList>
            <ComponentSpacer>15</ComponentSpacer>
            <ComponentIndustrial>25</ComponentIndustrial>
            <Steel>75</Steel>
            <Plasteel>75</Plasteel>
			<Uranium>25</Uranium>
            <Gold>10</Gold>
        </costList>
        <recipeMaker>
            <workSpeedStat>GeneralLaborSpeed</workSpeedStat>
            <workSkill>Crafting</workSkill>
            <effectWorking>Smith</effectWorking>
            <soundWorking>Recipe_Smith</soundWorking>
            <unfinishedThingDef>UnfinishedHealthItemMGRBionic</unfinishedThingDef>
            <skillRequirements>
                <Crafting>12</Crafting>
            </skillRequirements>
            <researchPrerequisite>CyborgNinja</researchPrerequisite>
            <recipeUsers>
                <li>FabricationBench</li>
            </recipeUsers>
        </recipeMaker>
    </ThingDef>
	
    <!-- Personal Evasive Robotic Add-On Arm -->
    <HediffDef ParentName="AddedBodyPartBase">
        <defName>PERA_Arm</defName>
        <label>Personal Evasive Robotic Add-On Arm</label>
        <labelNoun>a Personal Evasive Robotic Add-On Arm</labelNoun>
        <description>An installed Personal Evasive Robotic Add-On Arm.</description>
        <descriptionHyperlinks>
            <ThingDef>PERA_Arm</ThingDef>
        </descriptionHyperlinks>
		<initialSeverity>1</initialSeverity>
		<isBad>false</isBad>
		<stages>
		  <li>
			<statOffsets>
			  <IncomingDamageFactor>-0.1</IncomingDamageFactor>
			  <MeleeDodgeChance>1</MeleeDodgeChance>
			</statOffsets>
		  </li>
		</stages>
        <comps>
            <li Class="HediffCompProperties_VerbGiver">
                <tools>
                    <li>
                        <label>fist</label>
                        <capacities>
                            <li>Blunt</li>
                        </capacities>
                        <power>35</power>
                        <cooldownTime>0.75</cooldownTime>
                        <soundMeleeHit>MeleeHit_BionicPunch</soundMeleeHit>
                        <soundMeleeMiss>MeleeMiss_BionicPunch</soundMeleeMiss>
                    </li>
                </tools>
            </li>
        </comps>
        <spawnThingOnRemoved>PERA_Arm</spawnThingOnRemoved>
        <addedPartProps>
            <solid>true</solid>
            <partEfficiency>1.80</partEfficiency>
            <betterThanNatural>true</betterThanNatural>
        </addedPartProps>
    </HediffDef>
    <ThingDef ParentName="BodyPartMGRBase">
        <defName>PERA_Arm</defName>
        <label>Personal Evasive Robotic Add-On Arm</label>
		<descriptionHyperlinks>
            <RecipeDef>InstallPERA_Arm</RecipeDef>
        </descriptionHyperlinks>
        <statBases>
            <MarketValue>2800</MarketValue>
            <Mass>4</Mass>
        </statBases>
        <thingSetMakerTags>
            <li>RewardStandardHighFreq</li>
        </thingSetMakerTags>
        <comps>
            <li Class="CompProperties_Glower">
                <glowRadius>2</glowRadius>
                <glowColor>(255,0,0,0)</glowColor>
            </li>
        </comps>
    </ThingDef>
    <RecipeDef ParentName="SurgeryInstallBodyPartArtificialBase">
        <defName>InstallPERA_Arm</defName>
        <label>install Personal Evasive Robotic Add-On Arm</label>
        <description>Install an Personal Evasive Robotic Add-On Arm.</description>
        <descriptionHyperlinks>
            <ThingDef>PERA_Arm</ThingDef>
            <HediffDef>PERA_Arm</HediffDef>
        </descriptionHyperlinks>
        <jobString>Installing Personal Evasive Robotic Add-On Arm.</jobString>
        <ingredients>
            <li>
                <filter>
                    <thingDefs>
                        <li>PERA_Arm</li>
                    </thingDefs>
                </filter>
                <count>1</count>
            </li>
        </ingredients>
        <fixedIngredientFilter>
            <thingDefs>
                <li>PERA_Arm</li>
            </thingDefs>
        </fixedIngredientFilter>
        <appliedOnFixedBodyParts>
            <li>Shoulder</li>
        </appliedOnFixedBodyParts>
        <addsHediff>PERA_Arm</addsHediff>
    </RecipeDef>
	<RecipeDef ParentName="SurgeryRemoveImplantBase">
		<defName>RemovePERA_Arm</defName>
		<label>remove Personal Evasive Robotic Add-On Arm</label>
		<description>Remove Personal Evasive Robotic Add-On Arm.</description>
		<descriptionHyperlinks>
		  <ThingDef>PERA_Arm</ThingDef>
		  <HediffDef>PERA_Arm</HediffDef>
		</descriptionHyperlinks>
		<jobString>Removing Personal Evasive Robotic Add-On Arm.</jobString>
		<removesHediff>PERA_Arm</removesHediff>
	</RecipeDef>
	
    <!-- Personal Evasive Robotic Add-On Leg -->
    <HediffDef ParentName="AddedBodyPartBase">
        <defName>PERA_Leg</defName>
        <label>Personal Evasive Robotic Add-On Leg</label>
        <labelNoun>a Personal Evasive Robotic Add-On Leg</labelNoun>
        <description>An installed Personal Evasive Robotic Add-On Leg.</description>
        <descriptionHyperlinks>
            <ThingDef>PERA_Leg</ThingDef>
        </descriptionHyperlinks>
		<initialSeverity>1</initialSeverity>
		<isBad>false</isBad>
		<stages>
		  <li>
			<statOffsets>
			  <IncomingDamageFactor>-0.05</IncomingDamageFactor>
			  <MeleeDodgeChance>1</MeleeDodgeChance>
			  <MoveSpeed>0.5</MoveSpeed>
			</statOffsets>
		  </li>
		</stages>		
        <comps>
            <li Class="HediffCompProperties_VerbGiver">
                <tools>
                    <li>
                        <label>leg</label>
                        <capacities>
                            <li>Blunt</li>
                        </capacities>
                        <power>15</power>
                        <cooldownTime>0.8</cooldownTime>
                        <soundMeleeHit>MeleeHit_BionicPunch</soundMeleeHit>
                        <soundMeleeMiss>MeleeMiss_BionicPunch</soundMeleeMiss>
                    </li>
                </tools>
            </li>
        </comps>
        <spawnThingOnRemoved>PERA_Leg</spawnThingOnRemoved>
        <addedPartProps>
            <solid>true</solid>
            <partEfficiency>1.80</partEfficiency>
            <betterThanNatural>true</betterThanNatural>
        </addedPartProps>
    </HediffDef>
    <ThingDef ParentName="BodyPartMGRBase">
        <defName>PERA_Leg</defName>
        <label>Personal Evasive Robotic Add-On Leg</label>
		<descriptionHyperlinks>
            <RecipeDef>InstallPERA_Leg</RecipeDef>
        </descriptionHyperlinks>
        <statBases>
            <MarketValue>2800</MarketValue>
            <Mass>7</Mass>
        </statBases>
        <thingSetMakerTags>
            <li>RewardStandardHighFreq</li>
        </thingSetMakerTags>
        <comps>
            <li Class="CompProperties_Glower">
                <glowRadius>2</glowRadius>
                <glowColor>(255,0,0,0)</glowColor>
            </li>
        </comps>
    </ThingDef>
    <RecipeDef ParentName="SurgeryInstallBodyPartArtificialBase">
        <defName>InstallPERA_Leg</defName>
        <label>install Personal Evasive Robotic Add-On Leg</label>
        <description>Install an Personal Evasive Robotic Add-On Leg.</description>
        <descriptionHyperlinks>
            <ThingDef>PERA_Leg</ThingDef>
            <HediffDef>PERA_Leg</HediffDef>
        </descriptionHyperlinks>
        <jobString>Installing Personal Evasive Robotic Add-On Leg.</jobString>
        <ingredients>
            <li>
                <filter>
                    <thingDefs>
                        <li>PERA_Leg</li>
                    </thingDefs>
                </filter>
                <count>1</count>
            </li>
        </ingredients>
        <fixedIngredientFilter>
            <thingDefs>
                <li>PERA_Leg</li>
            </thingDefs>
        </fixedIngredientFilter>
        <appliedOnFixedBodyParts>
            <li>Leg</li>
        </appliedOnFixedBodyParts>
        <addsHediff>PERA_Leg</addsHediff>
    </RecipeDef>
	<RecipeDef ParentName="SurgeryRemoveImplantBase">
		<defName>RemovePERA_Leg</defName>
		<label>remove Personal Evasive Robotic Add-On Leg</label>
		<description>Remove Personal Evasive Robotic Add-On Leg.</description>
		<descriptionHyperlinks>
		  <ThingDef>PERA_Leg</ThingDef>
		  <HediffDef>PERA_Leg</HediffDef>
		</descriptionHyperlinks>
		<jobString>Removing Personal Evasive Robotic Add-On Leg.</jobString>
		<removesHediff>PERA_Leg</removesHediff>
	</RecipeDef>
	
    <!-- NanomachineCore -->
	<AbilityDef Name="NanomachineCoreUnleashedBase">
		<defName>NanomachineCoreUnleashed</defName>
		<label>Nano\nMachines\nUnleashed</label>
		<description>Unleash the full power of the nanomachine core. Draining ALL power from ALL batteries and gaining power equivalent to power absorbed, additionally creates a solar flare event.</description>
		<targetRequired>False</targetRequired>
		<gizmoClass>Command_Ability</gizmoClass>
		<iconPath>UI/explosion</iconPath>
		<stunTargetWhileCasting>True</stunTargetWhileCasting>
		<verbProperties>
			<verbClass>MGRRimworld.Effect_NanomachineCore</verbClass>
			<range>-1</range>
			<warmupTime>3</warmupTime>
			<defaultCooldownTime>1</defaultCooldownTime>
		</verbProperties>
		<displayGizmoWhileUndrafted>True</displayGizmoWhileUndrafted>
		<comps>
		  <li Class="CompProperties_AbilityRequiresCapacity">
			<capacity>Talking</capacity>
		  </li>
		</comps>
	</AbilityDef>
	
    <HediffDef ParentName="AddedBodyPartBase">
        <defName>NanomachineCore</defName>
		<hediffClass>MGRRimworld.MGRHediffs.Hediff_NanomachineCore</hediffClass>
        <label>nanomachine core</label>
        <labelNoun>a nanomachine core</labelNoun>
        <description>An installed nanomachine core.</description>
        <descriptionHyperlinks>
            <ThingDef>NanomachineCore</ThingDef>
        </descriptionHyperlinks>
        <spawnThingOnRemoved>NanomachineCore</spawnThingOnRemoved>
		<initialSeverity>1</initialSeverity>
		<isBad>false</isBad>
		<stages>
		  <li>
			<statOffsets>
			  <ImmunityGainSpeed>0.2</ImmunityGainSpeed>
			  <IncomingDamageFactor>-0.2</IncomingDamageFactor>
			  <InjuryHealingFactor>0.2</InjuryHealingFactor>
			</statOffsets>
		  </li>
		</stages>
        <addedPartProps>
            <solid>true</solid>
            <partEfficiency>1.80</partEfficiency>
            <betterThanNatural>true</betterThanNatural>
        </addedPartProps>
		<comps>
			<li Class="HediffCompProperties_GiveAbility">
				<abilityDef>NanomachineCoreUnleashed</abilityDef>
			</li>
		</comps>
    </HediffDef>
	
    <ThingDef ParentName="BodyPartMGRBase">
        <defName>NanomachineCore</defName>
        <label>nanomachine core</label>
        <description>Replacing the user's heart. This core contains millions of nanobots one-millionth of a millimeter in size. After syncing with the user's nervous system, these nanobots can be manipulated to repair damaged tissues, hardening in response to trauma, and more.\nAt a cost.\nThe first prototype was funded by and made for Admiral Armstrong of the Imperial Navy.</description>
        <descriptionHyperlinks>
            <RecipeDef>InstallNanomachineCore</RecipeDef>
        </descriptionHyperlinks>
        <graphicData>
            <texPath>Things/Item/Bionic/Nanomachines</texPath>
            <graphicClass>Graphic_Single</graphicClass>
            <drawSize>1</drawSize>
        </graphicData>
        <costList>
            <Chemfuel>50</Chemfuel>
            <Neutroamine>50</Neutroamine>
			<AIPersonaCore>1</AIPersonaCore>
        </costList>
        <recipeMaker>
            <workSpeedStat>GeneralLaborSpeed</workSpeedStat>
            <workSkill>Crafting</workSkill>
            <effectWorking>Smith</effectWorking>
            <soundWorking>Recipe_Smith</soundWorking>
            <unfinishedThingDef>UnfinishedHealthItemMGRNanomachineCore</unfinishedThingDef>
            <skillRequirements>
                <Crafting>12</Crafting>
            </skillRequirements>
            <researchPrerequisite>CyborgNinja</researchPrerequisite>
            <recipeUsers>
                <li>FabricationBench</li>
            </recipeUsers>
        </recipeMaker>
        <comps>
            <li Class="CompProperties_Glower">
                <glowRadius>2</glowRadius>
                <glowColor>(217,217,217,0)</glowColor>
            </li>
        </comps>
    </ThingDef>
	
    <RecipeDef ParentName="SurgeryInstallBodyPartArtificialBase">
        <defName>InstallNanomachineCore</defName>
        <label>install nanomachine core</label>
        <description>Install a nanomachine core.</description>
        <descriptionHyperlinks>
            <ThingDef>NanomachineCore</ThingDef>
            <HediffDef>NanomachineCore</HediffDef>
        </descriptionHyperlinks>
        <jobString>Installing nanomachine core.</jobString>
        <ingredients>
            <li>
                <filter>
                    <thingDefs>
                        <li>NanomachineCore</li>
                    </thingDefs>
                </filter>
                <count>1</count>
            </li>
        </ingredients>
        <fixedIngredientFilter>
            <thingDefs>
                <li>NanomachineCore</li>
            </thingDefs>
        </fixedIngredientFilter>
        <appliedOnFixedBodyParts>
            <li>Heart</li>
        </appliedOnFixedBodyParts>
        <addsHediff>NanomachineCore</addsHediff>
    </RecipeDef>
	
	<RecipeDef ParentName="SurgeryRemoveImplantBase">
		<defName>RemoveNanomachineCore</defName>
		<label>remove nanomachine core</label>
		<description>Remove nanomachine core.</description>
		<descriptionHyperlinks>
		  <ThingDef>NanomachineCore</ThingDef>
		  <HediffDef>NanomachineCore</HediffDef>
		</descriptionHyperlinks>
		<jobString>Removing nanomachine core.</jobString>
		<removesHediff>NanomachineCore</removesHediff>
	</RecipeDef>
</Defs>