<?xml version="1.0" encoding="UTF-8"?>
<Defs>
    <ResearchProjectDef>
        <defName>BigSteel</defName>
        <label>Big Steel</label>
        <description>Research of very powerful metal crafting.</description>
        <baseCost>5000</baseCost>
        <techLevel>Spacer</techLevel>
        <prerequisites>
            <li>Fabrication</li>
        </prerequisites>
        <researchViewX>0.00</researchViewX>
        <researchViewY>0.15</researchViewY>
        <tab>Metal_Rim_Rising</tab>
    </ResearchProjectDef>
    <ResearchProjectDef>
        <defName>CyborgNinja</defName>
        <label>Cyborg Ninja</label>
        <description>Research of very powerful bionics.</description>
        <baseCost>5000</baseCost>
        <techLevel>Spacer</techLevel>
        <prerequisites>
            <li>Fabrication</li>
        </prerequisites>
        <researchViewX>0.00</researchViewX>
        <researchViewY>0.60</researchViewY>
        <tab>Metal_Rim_Rising</tab>
    </ResearchProjectDef>
</Defs>