<?xml version="1.0" encoding="utf-8" ?>
<Patch>
	<Operation Class="PatchOperationFindMod">
		<mods>
			<li>Persona Bond Forge</li>
		</mods>
		<match Class="PatchOperationSequence">
			<success>Always</success>
			<operations>
				<!--Persona Maverick Blade-->
				<li Class="PatchOperationAdd">
					<xpath>/Defs</xpath>
					<value>
						<PersonaBondForge.ThingDef_Weapon ParentName="PersonaBondForge_BaseWeapon">
							<baseWeaponDefName>MGR_RaidenSword</baseWeaponDefName>
							<techLevel>Ultra</techLevel>
							<statBases>
								<WorkToMake>15000</WorkToMake>
							</statBases>
							<tools>
								<li>
									<label>handle</label>
									<capacities>
										<li>Blunt</li>
									</capacities>
									<power>8</power>
									<cooldownTime>0.85</cooldownTime>
								</li>
								<li>
									<label>point</label>
									<capacities>
										<li>Stab</li>
									</capacities>
									<power>12</power>
									<cooldownTime>0.85</cooldownTime>
									<armorPenetration>0.79</armorPenetration>
								</li>
								<li>
									<label>edge</label>
									<capacities>
										<li>Cut</li>
									</capacities>
									<power>30</power>
									<cooldownTime>0.85</cooldownTime>
									<armorPenetration>0.79</armorPenetration>
								</li>
							</tools>
						</PersonaBondForge.ThingDef_Weapon>
					</value>
				</li>
				<!--Persona Duelist Objectifier-->
				<li Class="PatchOperationAdd">
					<xpath>/Defs</xpath>
					<value>
						<PersonaBondForge.ThingDef_Weapon ParentName="PersonaBondForge_BaseWeapon">
							<baseWeaponDefName>MeleeWeapon_MGR_Katana</baseWeaponDefName>
							<techLevel>Ultra</techLevel>
							<statBases>
								<WorkToMake>20000</WorkToMake>
							</statBases>
							<tools>
								<li>
									<label>handle</label>
									<capacities>
										<li>Blunt</li>
									</capacities>
									<power>12</power>
									<cooldownTime>0.65</cooldownTime>
								</li>
								<li>
									<label>point</label>
									<capacities>
										<li>Stab</li>
									</capacities>
									<power>15</power>
									<cooldownTime>0.65</cooldownTime>
									<armorPenetration>1.03</armorPenetration>
								</li>
								<li>
									<label>edge</label>
									<capacities>
										<li>Cut</li>
									</capacities>
									<power>35</power>
									<cooldownTime>0.65</cooldownTime>
									<armorPenetration>1.03</armorPenetration>
								</li>
							</tools>
							<comps>
								<li Class="MGRRimworld.MGRComps.CompProperties_ItemAddAbility">
									<hediff>DuelistObjectifierPower</hediff>
								</li>
							</comps>
						</PersonaBondForge.ThingDef_Weapon>
					</value>
				</li>
				<!--Persona Duelist Objectifier Jump-->
				<li Class="PatchOperationAdd">
					<xpath>/Defs</xpath>
					<value>
						<PersonaBondForge.ThingDef_Weapon ParentName="PersonaBondForge_BaseWeapon">
							<baseWeaponDefName>MeleeWeapon_MGR_Katana_Jump</baseWeaponDefName>
							<techLevel>Ultra</techLevel>
							<statBases>
								<WorkToMake>20000</WorkToMake>
							</statBases>
							<tools>
								<li>
									<label>handle</label>
									<capacities>
										<li>Blunt</li>
									</capacities>
									<power>12</power>
									<cooldownTime>0.65</cooldownTime>
								</li>
								<li>
									<label>point</label>
									<capacities>
										<li>Stab</li>
									</capacities>
									<power>15</power>
									<cooldownTime>0.65</cooldownTime>
									<armorPenetration>1.03</armorPenetration>
								</li>
								<li>
									<label>edge</label>
									<capacities>
										<li>Cut</li>
									</capacities>
									<power>35</power>
									<cooldownTime>0.65</cooldownTime>
									<armorPenetration>1.03</armorPenetration>
								</li>
							</tools>
							<verbs>
								<li>
									<label>true damage ability</label>
									<verbClass>MGRRimworld.Effect_TrueDamage</verbClass>
									<hasStandardCommand>true</hasStandardCommand>
									<commandIcon>UI/sword-slice</commandIcon>
									<range>12</range>
									<requireLineOfSight>true</requireLineOfSight>
									<warmupTime>1.35</warmupTime>
									<warmupEffecter>MGR_Katana_Blast</warmupEffecter>
									<noiseRadius>3</noiseRadius>
									<ai_IsBuildingDestroyer>true</ai_IsBuildingDestroyer>
									<soundCast>Pawn_Melee_BigBash_HitPawn</soundCast>
									<soundCastTail>GunTail_Heavy</soundCastTail>
									<soundAiming>OrbitalTargeter_Aiming</soundAiming>
									<targetParams>
										<canTargetAnimals>false</canTargetAnimals>
										<canTargetBuildings>false</canTargetBuildings>
										<canTargetLocations>false</canTargetLocations>
									</targetParams>
									<defaultProjectile>Projectile_BaseAbility</defaultProjectile>
								</li>
							</verbs>
							<comps>
								<li Class="MGRRimworld.MGRComps.CompProperties_ItemAddAbility">
									<hediff>DuelistObjectifierPower</hediff>
								</li>
							</comps>
						</PersonaBondForge.ThingDef_Weapon>
					</value>
				</li>
			</operations>
		</match>
  	</Operation>
</Patch>