<?xml version="1.0" encoding="UTF-8"?>
<Patch>
	<Operation Class="PatchOperationFindMod">
		<mods>
			<li>Stuffable Armor and Clothes</li>
		</mods>
		<match Class="PatchOperationSequence">
			<success>Always</success>
			<operations>
				<li Class="PatchOperationRemove">
					<xpath>/Defs/ThingDef[defName="MGR_Apparel_Exoframe" or defName="MGR_Katana_Sheath"]/costList/Steel</xpath>
				</li>
				<li Class="PatchOperationRemove">
					<xpath>/Defs/ThingDef[defName = "MGR_Apparel_Exoframe" or defName="MGR_Katana_Sheath"]/costList/Plasteel</xpath>
				</li>
				
				<li Class="PatchOperationAdd">
					<xpath>/Defs/ThingDef[defName="MGR_Katana_Sheath"]</xpath>
					<value>
						<costStuffCount>40</costStuffCount>
					</value>
				</li>
				<li Class="PatchOperationAdd">
					<xpath>/Defs/ThingDef[defName="MGR_Apparel_Exoframe"]</xpath>
					<value>
						<costStuffCount>150</costStuffCount>
					</value>
				</li>
			</operations>
		</match>
	</Operation>
</Patch>