﻿<?xml version="1.0" encoding="UTF-8"?>
<Defs>
    <EffecterDef ParentName="Power_Cell_Burning_Base">
        <defName>MGR_Katana_Blast</defName>
        <children>
            <li>
                <subEffecterClass>SubEffecter_SprayerContinuous</subEffecterClass>
                <positionRadius>1.25</positionRadius>
                <fleckDef>Fleck_RadialSparks</fleckDef>
                <ticksBetweenMotes>15</ticksBetweenMotes>
                <scale>0.025</scale>
                <angle>-30~30</angle>
                <rotation>0</rotation>
                <positionOffset>(0, 0, 0)</positionOffset>
                <spawnLocType>OnSource</spawnLocType>
            </li>
            <li>
                <subEffecterClass>SubEffecter_SprayerChance</subEffecterClass>
                <moteDef>Mote_SparkThrownFastBright</moteDef>
                <chancePerTick>0.7</chancePerTick>
                <scale>0.2~0.25</scale>
                <airTime>0.08~0.16</airTime>
                <rotationRate>-240~240</rotationRate>
                <speed>9~15</speed>
                <angle>-30~30</angle>
                <positionOffset>(0, 0, 0)</positionOffset>
                <positionRadius>0.01</positionRadius>
				<spawnLocType>OnTarget</spawnLocType>
            </li>
        </children>
    </EffecterDef>
    <EffecterDef ParentName="Power_Cell_Burning_Base">
        <defName>MGR_Nanomachine_Core_Blast</defName>
        <children>
            <li>
                <subEffecterClass>SubEffecter_SprayerContinuous</subEffecterClass>
                <positionRadius>0</positionRadius>
                <fleckDef>Fleck_RadialSparks</fleckDef>
                <ticksBetweenMotes>15</ticksBetweenMotes>
                <scale>0.025</scale>
                <angle>0</angle>
                <rotation>0</rotation>
                <positionOffset>(0, 0, 1)</positionOffset>
                <spawnLocType>OnSource</spawnLocType>
				<color>(0, 179, 255)</color>
            </li>
        </children>
    </EffecterDef>
</Defs>