﻿<?xml version="1.0" encoding="UTF-8"?>
<Defs>
    <ThingDef ParentName="UnfinishedBase">
        <defName>UnfinishedHealthItemMGRBionic</defName>
        <label>unfinished Personal Evasive Robotic Add-On</label>
        <description>An nfinished Personal Evasive Robotic Add-On</description>
        <statBases>
            <Flammability>0</Flammability>
        </statBases>
        <graphicData>
            <texPath>Things/Item/Bionic/Unfinished/Bionic_Unfinished</texPath>
            <graphicClass>Graphic_Single</graphicClass>
        </graphicData>
        <stuffCategories Inherit="false" />
    </ThingDef>
	
    <ThingDef ParentName="UnfinishedBase">
        <defName>UnfinishedHealthItemMGRNanomachineCore</defName>
        <label>unfinished nanomachine core</label>
        <description>An unfinished nanomachine core</description>
        <statBases>
            <Flammability>0</Flammability>
        </statBases>
        <graphicData>
            <texPath>Things/Item/Bionic/Unfinished/Nanomachines_Unfinished</texPath>
            <graphicClass>Graphic_Single</graphicClass>
        </graphicData>
        <stuffCategories Inherit="false" />
    </ThingDef>
</Defs>