<?xml version="1.0" encoding="UTF-8"?>
<Defs>
    <ThingDef ParentName="MoteBase">
        <defName>MGR_Mote_BloodSquirt</defName>
        <graphicData>
            <texPath>Motes/BloodSquirt</texPath>
        </graphicData>
        <altitudeLayer>MoteOverhead</altitudeLayer>
        <mote>
            <fadeInTime>0.01</fadeInTime>
            <solidTime>0.15</solidTime>
            <fadeOutTime>0.55</fadeOutTime>
        </mote>
    </ThingDef>
    <ThingDef ParentName="MoteBase">
        <defName>MGR_Mote_CrossStrike</defName>
        <graphicData>
            <texPath>Motes/CrossStrike</texPath>
        </graphicData>
        <altitudeLayer>MoteOverhead</altitudeLayer>
        <mote>
            <fadeInTime>0.05</fadeInTime>
            <solidTime>0.45</solidTime>
            <fadeOutTime>0.05</fadeOutTime>
        </mote>
    </ThingDef>
    <ThingDef ParentName="MoteBase">
        <defName>MGR_Mote_BladeSweep</defName>
        <graphicData>
            <texPath>Motes/BloodSquirt</texPath>
        </graphicData>
        <altitudeLayer>MoteLow</altitudeLayer>
        <mote>
            <fadeInTime>0.05</fadeInTime>
            <solidTime>0.2</solidTime>
            <fadeOutTime>0.5</fadeOutTime>
        </mote>
    </ThingDef>
    <ThingDef ParentName="MoteBase">
        <defName>MGR_Mote_ElectricExplosion</defName>
        <graphicData>
            <texPath>Motes/BloodSquirt</texPath>
        </graphicData>
        <altitudeLayer>MoteLow</altitudeLayer>
        <mote>
            <fadeInTime>0.05</fadeInTime>
            <solidTime>0.5</solidTime>
            <fadeOutTime>0.5</fadeOutTime>
        </mote>
    </ThingDef>
</Defs>