<?xml version="1.0" encoding="UTF-8"?>
<Defs>
    <HediffDef ParentName="AddedBodyPartBase">
        <defName>DuelistObjectifierPower</defName>
        <label>Power of the Duelist Objectifier</label>
		<description>The power of a well honed blade.</description>
        <hediffClass>MGRRimworld.MGRHediffs.Hediff_DuelistObjectifier</hediffClass>
        <initialSeverity>1</initialSeverity>
        <isBad>false</isBad>
		<!--
		<comps>
			<li Class="HediffCompProperties_GiveAbility">
				<abilityDef>TrueDamageAbility</abilityDef>
			</li>
		</comps>
		-->
		<stages>
            <li>
                <minSeverity>1.0</minSeverity>
                <capMods>
                    <li>
                        <capacity>Consciousness</capacity>
                        <offset>0.1</offset>
                    </li>
                    <li>
                        <capacity>Sight</capacity>
                        <offset>0.1</offset>
                    </li>
                    <li>
                        <capacity>Hearing</capacity>
                        <offset>0.1</offset>
                    </li>
                    <li>
                        <capacity>Moving</capacity>
                        <offset>0.1</offset>
                    </li>
                    <li>
                        <capacity>Manipulation</capacity>
                        <offset>0.1</offset>
                    </li>
                    <li>
                        <capacity>Talking</capacity>
                        <offset>0.1</offset>
                    </li>
                    <li>
                        <capacity>Eating</capacity>
                        <offset>0.1</offset>
                    </li>
                    <li>
                        <capacity>Breathing</capacity>
                        <offset>0.1</offset>
                    </li>
                    <li>
                        <capacity>BloodFiltration</capacity>
                        <offset>0.1</offset>
                    </li>
                    <li>
                        <capacity>BloodPumping</capacity>
                        <offset>0.1</offset>
                    </li>
                    <li>
                        <capacity>Metabolism</capacity>
                        <offset>0.1</offset>
                    </li>
                </capMods>
			</li>
		</stages>
    </HediffDef>
</Defs>